{"lr": 0.001, "data_time": 0.000592350959777832, "loss": 1.492394173145294, "time": 10.089202785491944, "epoch": 1, "iter": 12, "memory": 6073, "step": 12}
{"accuracy/top1": 73.05217742919922, "accuracy/top5": 100.0, "data_time": 0.38427242365750397, "time": 0.5167346434159712, "step": 1}
{"lr": 0.001, "data_time": 0.0005535602569580079, "loss": 1.0057761669158936, "time": 9.750542140007019, "epoch": 2, "iter": 24, "memory": 6073, "step": 24}
{"accuracy/top1": 89.34953308105469, "accuracy/top5": 100.0, "data_time": 0.0026734775967068142, "time": 0.09687093628777398, "step": 2}
{"lr": 0.001, "data_time": 0.0005114793777465821, "loss": 0.6739218533039093, "time": 10.340473914146424, "epoch": 3, "iter": 36, "memory": 6073, "step": 36}
{"accuracy/top1": 91.77983856201172, "accuracy/top5": 100.0, "data_time": 0.0016644742753770616, "time": 0.12614413367377386, "step": 3}
{"lr": 0.001, "data_time": 0.0006043434143066407, "loss": 0.5001904278993606, "time": 10.0549955368042, "epoch": 4, "iter": 48, "memory": 6073, "step": 48}
{"accuracy/top1": 92.92351531982422, "accuracy/top5": 100.0, "data_time": 0.0027689086066351996, "time": 0.10161524348788792, "step": 4}
{"lr": 0.001, "data_time": 0.0007042884826660156, "loss": 0.38236644864082336, "time": 9.260127806663514, "epoch": 5, "iter": 60, "memory": 6073, "step": 60}
{"accuracy/top1": 94.28162384033203, "accuracy/top5": 100.0, "data_time": 0.0027665721045600044, "time": 0.09653922186957466, "step": 5}
{"lr": 0.001, "data_time": 0.0007086038589477539, "loss": 0.35999957025051116, "time": 10.560636353492736, "epoch": 6, "iter": 72, "memory": 6073, "step": 72}
{"accuracy/top1": 94.49606323242188, "accuracy/top5": 100.0, "data_time": 0.0027602036794026692, "time": 0.11567296451992459, "step": 6}
{"lr": 0.001, "data_time": 0.0007968425750732421, "loss": 0.2846908286213875, "time": 10.078447031974793, "epoch": 7, "iter": 84, "memory": 6073, "step": 84}
{"accuracy/top1": 94.71050262451172, "accuracy/top5": 100.0, "data_time": 0.0028344472249348957, "time": 0.11796148618062337, "step": 7}
{"lr": 0.001, "data_time": 0.0010187864303588868, "loss": 0.23144648522138594, "time": 13.550549268722534, "epoch": 8, "iter": 96, "memory": 6073, "step": 96}
{"accuracy/top1": 95.28234100341797, "accuracy/top5": 100.0, "data_time": 0.002647791968451606, "time": 0.1050391885969374, "step": 8}
{"lr": 0.001, "data_time": 0.0006175994873046875, "loss": 0.258627949655056, "time": 9.515915846824646, "epoch": 9, "iter": 108, "memory": 6073, "step": 108}
{"accuracy/top1": 95.42530059814453, "accuracy/top5": 100.0, "data_time": 0.002677159839206272, "time": 0.10033230781555176, "step": 9}
{"lr": 0.001, "data_time": 0.000786733627319336, "loss": 0.22661535292863846, "time": 10.341312646865845, "epoch": 10, "iter": 120, "memory": 6073, "step": 120}
{"accuracy/top1": 95.9256591796875, "accuracy/top5": 100.0, "data_time": 0.003247774971856011, "time": 0.1292305999332004, "step": 10}
{"lr": 0.001, "data_time": 0.0005963325500488281, "loss": 0.24771009087562562, "time": 13.68312120437622, "epoch": 11, "iter": 132, "memory": 6073, "step": 132}
{"accuracy/top1": 96.42601776123047, "accuracy/top5": 100.0, "data_time": 0.002878623538547092, "time": 0.1043217658996582, "step": 11}
{"lr": 0.001, "data_time": 0.0008427619934082032, "loss": 0.18761213421821593, "time": 10.058312034606933, "epoch": 12, "iter": 144, "memory": 6073, "step": 144}
{"accuracy/top1": 96.42601776123047, "accuracy/top5": 100.0, "data_time": 0.002383809619479709, "time": 0.09954363505045573, "step": 12}
{"lr": 0.001, "data_time": 0.0008133649826049805, "loss": 0.18899377435445786, "time": 10.108714842796326, "epoch": 13, "iter": 156, "memory": 6073, "step": 156}
{"accuracy/top1": 96.7119369506836, "accuracy/top5": 100.0, "data_time": 0.002403079138861762, "time": 0.11264257431030274, "step": 13}
{"lr": 0.001, "data_time": 0.0007071495056152344, "loss": 0.21814076155424117, "time": 10.43802056312561, "epoch": 14, "iter": 168, "memory": 6073, "step": 168}
{"accuracy/top1": 96.85489654541016, "accuracy/top5": 100.0, "data_time": 0.0016070948706732855, "time": 0.10683021545410157, "step": 14}
{"lr": 0.001, "data_time": 0.0003918886184692383, "loss": 0.18762607276439666, "time": 11.318373656272888, "epoch": 15, "iter": 180, "memory": 6073, "step": 180}
{"accuracy/top1": 96.7119369506836, "accuracy/top5": 100.0, "data_time": 0.0018750084771050348, "time": 0.11961845291985405, "step": 15}
{"lr": 0.0001, "data_time": 0.00034825801849365235, "loss": 0.16797419637441635, "time": 16.66123812198639, "epoch": 16, "iter": 192, "memory": 6073, "step": 192}
{"accuracy/top1": 96.85489654541016, "accuracy/top5": 100.0, "data_time": 0.0015140639411078559, "time": 0.1451632022857666, "step": 16}
{"lr": 0.0001, "data_time": 0.0003682851791381836, "loss": 0.15772971212863923, "time": 14.666442918777467, "epoch": 17, "iter": 204, "memory": 6073, "step": 204}
{"accuracy/top1": 97.3552474975586, "accuracy/top5": 100.0, "data_time": 0.0016733116573757595, "time": 0.14126671155293782, "step": 17}
{"lr": 0.0001, "data_time": 0.0007929801940917969, "loss": 0.1923675313591957, "time": 14.989213848114014, "epoch": 18, "iter": 216, "memory": 6073, "step": 216}
{"accuracy/top1": 97.3552474975586, "accuracy/top5": 100.0, "data_time": 0.001654407713148329, "time": 0.17099370956420898, "step": 18}
{"lr": 0.0001, "data_time": 0.0004504203796386719, "loss": 0.19386020451784133, "time": 22.86350498199463, "epoch": 19, "iter": 228, "memory": 6073, "step": 228}
{"accuracy/top1": 97.28376770019531, "accuracy/top5": 100.0, "data_time": 0.0017379495832655165, "time": 0.2382137828403049, "step": 19}
{"lr": 0.0001, "data_time": 0.0005169153213500976, "loss": 0.16772704869508742, "time": 25.950962591171265, "epoch": 20, "iter": 240, "memory": 6073, "step": 240}
{"accuracy/top1": 97.42672729492188, "accuracy/top5": 100.0, "data_time": 0.001898050308227539, "time": 0.15691282484266494, "step": 20}
{"lr": 0.0001, "data_time": 0.0008004188537597656, "loss": 0.19762841314077378, "time": 18.81867117881775, "epoch": 21, "iter": 252, "memory": 6073, "step": 252}
{"accuracy/top1": 97.42672729492188, "accuracy/top5": 100.0, "data_time": 0.0014344586266411676, "time": 0.1176380369398329, "step": 21}
{"lr": 0.0001, "data_time": 0.0005945920944213867, "loss": 0.17226047962903976, "time": 18.54143006801605, "epoch": 22, "iter": 264, "memory": 6073, "step": 264}
{"accuracy/top1": 97.42672729492188, "accuracy/top5": 100.0, "data_time": 0.0028442223866780598, "time": 0.2509097735087077, "step": 22}
{"lr": 0.0001, "data_time": 0.0005652427673339844, "loss": 0.1887522593140602, "time": 12.829994106292725, "epoch": 23, "iter": 276, "memory": 6073, "step": 276}
{"accuracy/top1": 97.49820709228516, "accuracy/top5": 100.0, "data_time": 0.0027146233452690974, "time": 0.10981067021687825, "step": 23}
{"lr": 0.0001, "data_time": 0.0006044387817382812, "loss": 0.17936324030160905, "time": 10.62735893726349, "epoch": 24, "iter": 288, "memory": 6073, "step": 288}
{"accuracy/top1": 97.42672729492188, "accuracy/top5": 100.0, "data_time": 0.0036166773902045358, "time": 0.1308449904123942, "step": 24}
{"lr": 0.0001, "data_time": 0.0011658906936645509, "loss": 0.18180016428232193, "time": 17.094591116905214, "epoch": 25, "iter": 300, "memory": 6073, "step": 300}
{"accuracy/top1": 97.49820709228516, "accuracy/top5": 100.0, "data_time": 0.0037334601084391275, "time": 0.25752120547824436, "step": 25}
{"lr": 0.0001, "data_time": 0.0014709711074829101, "loss": 0.21865280494093894, "time": 18.697023630142212, "epoch": 26, "iter": 312, "memory": 6073, "step": 312}
{"accuracy/top1": 97.56968688964844, "accuracy/top5": 100.0, "data_time": 0.003946325514051649, "time": 0.2749120818244086, "step": 26}
{"lr": 0.0001, "data_time": 0.0011988162994384765, "loss": 0.1750338926911354, "time": 16.521650433540344, "epoch": 27, "iter": 324, "memory": 6073, "step": 324}
{"accuracy/top1": 97.56968688964844,